date,end_date,name,country_code,year,status,date_status,source_urls
2028-01-01,,नव वर्ष दिवस,IN,2028,discretionary,confirmed,https://cag.gov.in/defence/new-delhi/en/page-defence-new-delhi-holidaylist https://dfe.gov.in/uploads/documents/list-of-restricted-holiidays-2026.pdf
2028-01-15,,माघ बिहू / पोंगल,IN,2028,discretionary,estimated,https://cag.gov.in/defence/new-delhi/en/page-defence-new-delhi-holidaylist https://dfe.gov.in/uploads/documents/list-of-restricted-holiidays-2026.pdf
2028-01-15,,मकर संक्रांति,IN,2028,discretionary,estimated,https://cag.gov.in/defence/new-delhi/en/page-defence-new-delhi-holidaylist https://dfe.gov.in/uploads/documents/list-of-restricted-holiidays-2026.pdf
2028-01-26,,गणतंत्र दिवस,IN,2028,statutory,confirmed,https://cag.gov.in/defence/new-delhi/en/page-defence-new-delhi-holidaylist https://dfe.gov.in/uploads/documents/list-of-gazetted-holidays-2026.pdf https://cag.gov.in/uploads/media/List-of-Gazetted-Holidays-and-Restricted-Holidays-2026-069492ddf80fa39-36385303.pdf
2028-02-01,,श्री पंचमी / बसंत पंचमी,IN,2028,discretionary,estimated,https://cag.gov.in/defence/new-delhi/en/page-defence-new-delhi-holidaylist https://dfe.gov.in/uploads/documents/list-of-restricted-holiidays-2026.pdf
2028-02-10,,गुरु रविदास जयंती,IN,2028,discretionary,estimated,https://cag.gov.in/defence/new-delhi/en/page-defence-new-delhi-holidaylist https://dfe.gov.in/uploads/documents/list-of-restricted-holiidays-2026.pdf
2028-02-19,,स्वामी दयानंद सरस्वती जयंती,IN,2028,discretionary,estimated,https://cag.gov.in/defence/new-delhi/en/page-defence-new-delhi-holidaylist https://dfe.gov.in/uploads/documents/list-of-restricted-holiidays-2026.pdf
2028-02-19,,शिवाजी जयंती,IN,2028,discretionary,confirmed,https://cag.gov.in/defence/new-delhi/en/page-defence-new-delhi-holidaylist https://dfe.gov.in/uploads/documents/list-of-restricted-holiidays-2026.pdf
2028-02-23,,महाशिवरात्रि,IN,2028,discretionary,estimated,https://cag.gov.in/defence/new-delhi/en/page-defence-new-delhi-holidaylist https://dfe.gov.in/uploads/documents/list-of-restricted-holiidays-2026.pdf
2028-02-25,,जमात-उल-विदा,IN,2028,discretionary,estimated,https://cag.gov.in/defence/new-delhi/en/page-defence-new-delhi-holidaylist https://dfe.gov.in/uploads/documents/list-of-restricted-holiidays-2026.pdf
2028-02-27,,ईद-उल-फितर,IN,2028,statutory,estimated,https://cag.gov.in/defence/new-delhi/en/page-defence-new-delhi-holidaylist https://dfe.gov.in/uploads/documents/list-of-gazetted-holidays-2026.pdf https://cag.gov.in/uploads/media/List-of-Gazetted-Holidays-and-Restricted-Holidays-2026-069492ddf80fa39-36385303.pdf
2028-03-11,,डोलयात्रा,IN,2028,discretionary,estimated,https://cag.gov.in/defence/new-delhi/en/page-defence-new-delhi-holidaylist https://dfe.gov.in/uploads/documents/list-of-restricted-holiidays-2026.pdf
2028-03-11,,होलिका दहन,IN,2028,discretionary,estimated,https://cag.gov.in/defence/new-delhi/en/page-defence-new-delhi-holidaylist https://dfe.gov.in/uploads/documents/list-of-restricted-holiidays-2026.pdf
2028-03-12,,होली,IN,2028,statutory,estimated,https://cag.gov.in/defence/new-delhi/en/page-defence-new-delhi-holidaylist https://dfe.gov.in/uploads/documents/list-of-gazetted-holidays-2026.pdf https://cag.gov.in/uploads/media/List-of-Gazetted-Holidays-and-Restricted-Holidays-2026-069492ddf80fa39-36385303.pdf
2028-03-26,,चैत्र शुक्लादि / गुड़ी पड़वा / उगादी / चेटी चंड,IN,2028,discretionary,estimated,https://cag.gov.in/defence/new-delhi/en/page-defence-new-delhi-holidaylist https://dfe.gov.in/uploads/documents/list-of-restricted-holiidays-2026.pdf
2028-04-03,,राम नवमी,IN,2028,statutory,estimated,https://cag.gov.in/defence/new-delhi/en/page-defence-new-delhi-holidaylist https://dfe.gov.in/uploads/documents/list-of-gazetted-holidays-2026.pdf https://cag.gov.in/uploads/media/List-of-Gazetted-Holidays-and-Restricted-Holidays-2026-069492ddf80fa39-36385303.pdf
2028-04-07,,महावीर जयंती,IN,2028,statutory,estimated,https://cag.gov.in/defence/new-delhi/en/page-defence-new-delhi-holidaylist https://dfe.gov.in/uploads/documents/list-of-gazetted-holidays-2026.pdf https://cag.gov.in/uploads/media/List-of-Gazetted-Holidays-and-Restricted-Holidays-2026-069492ddf80fa39-36385303.pdf
2028-04-14,,गुड फ्राइडे,IN,2028,statutory,confirmed,https://cag.gov.in/defence/new-delhi/en/page-defence-new-delhi-holidaylist https://dfe.gov.in/uploads/documents/list-of-gazetted-holidays-2026.pdf https://cag.gov.in/uploads/media/List-of-Gazetted-Holidays-and-Restricted-Holidays-2026-069492ddf80fa39-36385303.pdf
2028-04-14,,वैसाखी / विशु / मेषादि (तमिल नववर्ष),IN,2028,discretionary,estimated,https://cag.gov.in/defence/new-delhi/en/page-defence-new-delhi-holidaylist https://dfe.gov.in/uploads/documents/list-of-restricted-holiidays-2026.pdf
2028-04-15,,वैशाखादि (बंगाल) / बहाग बिहू (असम),IN,2028,discretionary,estimated,https://cag.gov.in/defence/new-delhi/en/page-defence-new-delhi-holidaylist https://dfe.gov.in/uploads/documents/list-of-restricted-holiidays-2026.pdf
2028-04-16,,ईस्टर संडे,IN,2028,discretionary,confirmed,https://cag.gov.in/defence/new-delhi/en/page-defence-new-delhi-holidaylist https://dfe.gov.in/uploads/documents/list-of-restricted-holiidays-2026.pdf
2028-05-06,,ईद-उल-जुहा (बकरीद),IN,2028,statutory,estimated,https://cag.gov.in/defence/new-delhi/en/page-defence-new-delhi-holidaylist https://dfe.gov.in/uploads/documents/list-of-gazetted-holidays-2026.pdf https://cag.gov.in/uploads/media/List-of-Gazetted-Holidays-and-Restricted-Holidays-2026-069492ddf80fa39-36385303.pdf
2028-05-08,,बुद्ध पूर्णिमा,IN,2028,statutory,estimated,https://cag.gov.in/defence/new-delhi/en/page-defence-new-delhi-holidaylist https://dfe.gov.in/uploads/documents/list-of-gazetted-holidays-2026.pdf https://cag.gov.in/uploads/media/List-of-Gazetted-Holidays-and-Restricted-Holidays-2026-069492ddf80fa39-36385303.pdf
2028-05-09,,गुरुदेव रवींद्रनाथ टैगोर जयंती,IN,2028,discretionary,estimated,https://cag.gov.in/defence/new-delhi/en/page-defence-new-delhi-holidaylist https://dfe.gov.in/uploads/documents/list-of-restricted-holiidays-2026.pdf
2028-06-04,,मुहर्रम,IN,2028,statutory,estimated,https://cag.gov.in/defence/new-delhi/en/page-defence-new-delhi-holidaylist https://dfe.gov.in/uploads/documents/list-of-gazetted-holidays-2026.pdf https://cag.gov.in/uploads/media/List-of-Gazetted-Holidays-and-Restricted-Holidays-2026-069492ddf80fa39-36385303.pdf
2028-06-24,,रथ यात्रा,IN,2028,discretionary,estimated,https://cag.gov.in/defence/new-delhi/en/page-defence-new-delhi-holidaylist https://dfe.gov.in/uploads/documents/list-of-restricted-holiidays-2026.pdf
2028-08-04,,मिलाद-उन-नबी या ईद-ए-मिलाद,IN,2028,statutory,estimated,https://cag.gov.in/defence/new-delhi/en/page-defence-new-delhi-holidaylist https://dfe.gov.in/uploads/documents/list-of-gazetted-holidays-2026.pdf https://cag.gov.in/uploads/media/List-of-Gazetted-Holidays-and-Restricted-Holidays-2026-069492ddf80fa39-36385303.pdf
2028-08-05,,रक्षा बंधन,IN,2028,discretionary,estimated,https://cag.gov.in/defence/new-delhi/en/page-defence-new-delhi-holidaylist https://dfe.gov.in/uploads/documents/list-of-restricted-holiidays-2026.pdf
2028-08-13,,जन्माष्टमी,IN,2028,statutory,estimated,https://cag.gov.in/defence/new-delhi/en/page-defence-new-delhi-holidaylist https://dfe.gov.in/uploads/documents/list-of-gazetted-holidays-2026.pdf https://cag.gov.in/uploads/media/List-of-Gazetted-Holidays-and-Restricted-Holidays-2026-069492ddf80fa39-36385303.pdf
2028-08-14,,पारसी नववर्ष दिवस / नौरोज,IN,2028,discretionary,estimated,https://cag.gov.in/defence/new-delhi/en/page-defence-new-delhi-holidaylist https://dfe.gov.in/uploads/documents/list-of-restricted-holiidays-2026.pdf
2028-08-15,,स्वतंत्रता दिवस,IN,2028,statutory,confirmed,https://cag.gov.in/defence/new-delhi/en/page-defence-new-delhi-holidaylist https://dfe.gov.in/uploads/documents/list-of-gazetted-holidays-2026.pdf https://cag.gov.in/uploads/media/List-of-Gazetted-Holidays-and-Restricted-Holidays-2026-069492ddf80fa39-36385303.pdf
2028-08-23,,गणेश चतुर्थी / विनायक चतुर्थी,IN,2028,discretionary,estimated,https://cag.gov.in/defence/new-delhi/en/page-defence-new-delhi-holidaylist https://dfe.gov.in/uploads/documents/list-of-restricted-holiidays-2026.pdf
2028-09-01,,ओणम या थिरु ओणम,IN,2028,discretionary,estimated,https://cag.gov.in/defence/new-delhi/en/page-defence-new-delhi-holidaylist https://dfe.gov.in/uploads/documents/list-of-restricted-holiidays-2026.pdf
2028-09-25,,दशहरा (सप्तमी),IN,2028,discretionary,estimated,https://cag.gov.in/defence/new-delhi/en/page-defence-new-delhi-holidaylist https://dfe.gov.in/uploads/documents/list-of-restricted-holiidays-2026.pdf
2028-09-26,,दशहरा (महाष्टमी),IN,2028,discretionary,estimated,https://cag.gov.in/defence/new-delhi/en/page-defence-new-delhi-holidaylist https://dfe.gov.in/uploads/documents/list-of-restricted-holiidays-2026.pdf
2028-09-27,,दशहरा,IN,2028,statutory,estimated,https://cag.gov.in/defence/new-delhi/en/page-defence-new-delhi-holidaylist https://dfe.gov.in/uploads/documents/list-of-gazetted-holidays-2026.pdf https://cag.gov.in/uploads/media/List-of-Gazetted-Holidays-and-Restricted-Holidays-2026-069492ddf80fa39-36385303.pdf
2028-09-27,,दशहरा (महानवमी),IN,2028,discretionary,estimated,https://cag.gov.in/defence/new-delhi/en/page-defence-new-delhi-holidaylist https://dfe.gov.in/uploads/documents/list-of-restricted-holiidays-2026.pdf
2028-10-02,,महात्मा गांधी का जन्म दिवस,IN,2028,statutory,confirmed,https://cag.gov.in/defence/new-delhi/en/page-defence-new-delhi-holidaylist https://dfe.gov.in/uploads/documents/list-of-gazetted-holidays-2026.pdf https://cag.gov.in/uploads/media/List-of-Gazetted-Holidays-and-Restricted-Holidays-2026-069492ddf80fa39-36385303.pdf
2028-10-03,,महर्षि वाल्मीकि जयंती,IN,2028,discretionary,estimated,https://cag.gov.in/defence/new-delhi/en/page-defence-new-delhi-holidaylist https://dfe.gov.in/uploads/documents/list-of-restricted-holiidays-2026.pdf
2028-10-07,,करक चतुर्थी (करवा चौथ),IN,2028,discretionary,estimated,https://cag.gov.in/defence/new-delhi/en/page-defence-new-delhi-holidaylist https://dfe.gov.in/uploads/documents/list-of-restricted-holiidays-2026.pdf
2028-10-17,,दीवाली (दीपावली),IN,2028,statutory,estimated,https://cag.gov.in/defence/new-delhi/en/page-defence-new-delhi-holidaylist https://dfe.gov.in/uploads/documents/list-of-gazetted-holidays-2026.pdf https://cag.gov.in/uploads/media/List-of-Gazetted-Holidays-and-Restricted-Holidays-2026-069492ddf80fa39-36385303.pdf
2028-10-17,,नरक चतुर्दशी,IN,2028,discretionary,estimated,https://cag.gov.in/defence/new-delhi/en/page-defence-new-delhi-holidaylist https://dfe.gov.in/uploads/documents/list-of-restricted-holiidays-2026.pdf
2028-10-18,,गोवर्धन पूजा,IN,2028,discretionary,estimated,https://cag.gov.in/defence/new-delhi/en/page-defence-new-delhi-holidaylist https://dfe.gov.in/uploads/documents/list-of-restricted-holiidays-2026.pdf
2028-10-19,,भाई दूज,IN,2028,discretionary,estimated,https://cag.gov.in/defence/new-delhi/en/page-defence-new-delhi-holidaylist https://dfe.gov.in/uploads/documents/list-of-restricted-holiidays-2026.pdf
2028-10-23,,प्रतिहार षष्ठी या सूर्य षष्ठी (छठ पूजा),IN,2028,discretionary,estimated,https://cag.gov.in/defence/new-delhi/en/page-defence-new-delhi-holidaylist https://dfe.gov.in/uploads/documents/list-of-restricted-holiidays-2026.pdf
2028-11-02,,गुरु नानक देव जी का जन्म दिवस,IN,2028,statutory,estimated,https://cag.gov.in/defence/new-delhi/en/page-defence-new-delhi-holidaylist https://dfe.gov.in/uploads/documents/list-of-gazetted-holidays-2026.pdf https://cag.gov.in/uploads/media/List-of-Gazetted-Holidays-and-Restricted-Holidays-2026-069492ddf80fa39-36385303.pdf
2028-11-24,,गुरु तेग बहादुर का शहीदी दिवस,IN,2028,discretionary,confirmed,https://cag.gov.in/defence/new-delhi/en/page-defence-new-delhi-holidaylist https://dfe.gov.in/uploads/documents/list-of-restricted-holiidays-2026.pdf
2028-12-01,,हजरत अली का जन्म दिवस,IN,2028,discretionary,estimated,https://cag.gov.in/defence/new-delhi/en/page-defence-new-delhi-holidaylist https://dfe.gov.in/uploads/documents/list-of-restricted-holiidays-2026.pdf
2028-12-24,,क्रिसमस की पूर्व संध्या,IN,2028,discretionary,confirmed,https://cag.gov.in/defence/new-delhi/en/page-defence-new-delhi-holidaylist https://dfe.gov.in/uploads/documents/list-of-restricted-holiidays-2026.pdf
2028-12-25,,क्रिसमस,IN,2028,statutory,confirmed,https://cag.gov.in/defence/new-delhi/en/page-defence-new-delhi-holidaylist https://dfe.gov.in/uploads/documents/list-of-gazetted-holidays-2026.pdf https://cag.gov.in/uploads/media/List-of-Gazetted-Holidays-and-Restricted-Holidays-2026-069492ddf80fa39-36385303.pdf
